Leverandoer;Lev.Art.nr;Merke;Modell;Varebeskrivelse;Varegruppe;Undergruppe;MVA-klasse;Nettopris;Utsalgspris;DG;Veil. Pris eks. Mva;Mva;DB;Produsent
Musikk og elektronikk as;16002;Elixir;Phosphor Bronze NWA EL 10-47;Phosphor Bronze NANOWEB  Extra Light 10-14-23-30-39-47 Anti Rust plain steels;Tilbehør;Strenger;25 %;100,32;209;32;167;41,8;67;Elixir
Musikk og elektronikk as;16027;Elixir;Phosphor Bronze NWA CL 11-52;Phosphor Bronze NANOWEB  Custom Light 11-15-22-32-42-52 Anti Rust plain steels;Tilbehør;Strenger;25 %;100,32;209;32;167;41,8;67;Elixir
Musikk og elektronikk as;16052;Elixir;Phosphor Bronze NWA L 12-53;Phosphor Bronze NANOWEB  Light 12-16-24-32-42-53 Anti Rust plain steels;Tilbehør;Strenger;25 %;100,32;209;32;167;41,8;67;Elixir
Musikk og elektronikk as;16077;Elixir;Phosphor Bronze NWA LM 12-56;Phosphor Bronze NANOWEB  Light-Medium 12-16-24-35-45-56 Anti Rust plain steels;Tilbehør;Strenger;25 %;100,32;209;32;167;41,8;67;Elixir
Musikk og elektronikk as;16102;Elixir;Phosphor Bronze NWA M 13-56;Phosphor Bronze NANOWEB  Medium 13-17-26-35-45-56 Anti Rust plain steels;Tilbehør;Strenger;25 %;100,32;209;32;167;41,8;67;Elixir
Musikk og elektronikk as;16182;Elixir;Phosphor Bronze NWA HD L 13-53;Phosphor Bronze NANOWEB  HD Light 13-17-25-32-42-53 Anti Rust plain steels;Tilbehør;Strenger;25 %;100,32;209;32;167;41,8;67;Elixir
Musikk og elektronikk as;16152;Elixir;Phosphor Bronze NWA 12-Str L 10/10-47/27;Phosphor Bronze NANOWEB  12-String Light 10/10-14/14-23/9-30/12-39/18-47/27 Anti Rust plain steels;Tilbehør;Strenger;25 %;177,12;370;32,12972973;296;74;119;Elixir
Musikk og elektronikk as;12002;Elixir;NWE SL 9-42;NANOWEB  ELECTRIC GUITAR Super Light 9-11-16-24-32-42 Anti Rust plain steels;Tilbehør;Strenger;25 %;71,32;149;32,13422819;119;29,8;48;Elixir
Musikk og elektronikk as;12027;Elixir;NWE CL 9-46;NANOWEB  ELECTRIC GUITAR Custom Light 9-11-16-26-36-46 Anti Rust plain steels;Tilbehør;Strenger;25 %;71,32;149;32,13422819;119;29,8;48;Elixir
Musikk og elektronikk as;12052;Elixir;NWE L 10-46;NANOWEB  ELECTRIC GUITAR Light 10-13-17-26-36-46 Anti Rust plain steels;Tilbehør;Strenger;25 %;71,32;149;32,13422819;119;29,8;48;Elixir
Musikk og elektronikk as;12077;Elixir;NWE LH 10-52;NANOWEB  ELECTRIC GUITAR Light-Heavy 10-13-17-32-42-52 Anti Rust plain steels;Tilbehør;Strenger;25 %;71,32;149;32,13422819;119;29,8;48;Elixir
Musikk og elektronikk as;12102;Elixir;NWE M 11-49;NANOWEB  ELECTRIC GUITAR Medium 11-14-18-28-38-49 Anti Rust plain steels;Tilbehør;Strenger;25 %;71,32;149;32,13422819;119;29,8;48;Elixir
Musikk og elektronikk as;12152;Elixir;NWE H 12-52;NANOWEB  ELECTRIC GUITAR Heavy 12-16-24-32-42-52 Anti Rust plain steels;Tilbehør;Strenger;25 %;71,32;149;32,13422819;119;29,8;48;Elixir
Musikk og elektronikk as;12302;Elixir;NWE Baritone 12-68;NANOWEB ELECTRIC GUITAR Baritone 12-16-22-38-52-68 Anti Rust plain steels;Tilbehør;Strenger;25 %;71,32;149;32,13422819;119;29,8;48;Elixir
Musikk og elektronikk as;12057;Elixir;NWE 7-Str L 10-56;NANOWEB  ELECTRIC GUITAR 7-String Light 10-13-17-26-36-46-56 Anti Rust plain steels;Tilbehør;Strenger;25 %;100,32;209;32;167;41,8;67;Elixir
Musikk og elektronikk as;12450;Elixir;NWE 12-Str L 10/10-46/26;NANOWEB  ELECTRIC GUITAR 12-String Light 10/10-13/13-17/9-26/12-36/18-46/26 Anti Rust plain steels;Tilbehør;Strenger;25 %;162,72;340;32,14117647;272;68;109;Elixir
Musikk og elektronikk as;14002;Elixir;NWE BASS SL 40-95, 4-Str L-Scale;NANOWEB  BASS Super Light -40-60-75-95- Electric, Long Scale, 4-String Sets;Tilbehør;Strenger;25 %;287,52;600;32,08;480;120;192;Elixir
Musikk og elektronikk as;14052;Elixir;NWE BASS L 45-100, 4-Str L-Scale;NANOWEB  BASS Light -45-65-80-100- Electric, Long Scale, 4-String Sets;Tilbehør;Strenger;25 %;287,52;600;32,08;480;120;192;Elixir
Musikk og elektronikk as;14077;Elixir;NWE BASS LM 45-105, 4-Str L-Scale;NANOWEB  BASS Light/Medium -45-65-85-105- Electric, Long Scale, 4-String Sets;Tilbehør;Strenger;25 %;287,52;600;32,08;480;120;192;Elixir
Musikk og elektronikk as;14102;Elixir;NWE BASS H 50-105, 4-Str L-Scale;NANOWEB  BASS Heavy -50-70-85-105- Electric, Long Scale, 4-String Sets;Tilbehør;Strenger;25 %;287,52;600;32,08;480;120;192;Elixir
Musikk og elektronikk as;14087;Elixir;NWE BASS LM 45-105, 4-Str XL-Scale;NANOWEB  BASS Light/Medium -45-65-85-105- Electric, X- Long Scale, 4-String Set;Tilbehør;Strenger;25 %;287,52;600;32,08;480;120;192;Elixir
Musikk og elektronikk as;14502;Elixir;NWA BASS L 45-100, 4-Str L-Scale;NANOWEB  BASS Light -45-65-80-100- Acoustic Bass, Long Scale, 4 Strings, Long Scale;Tilbehør;Strenger;25 %;287,52;600;32,08;480;120;192;Elixir
Musikk og elektronikk as;14202;Elixir;NWE BASS L 45-130, 5-Str L-Scale;NANOWEB  BASS Light -45-65-85-105-130 Electric, Long Scale, 5-String Set;Tilbehør;Strenger;25 %;396,99;829;32,11218335;663;165,8;266;Elixir
Musikk og elektronikk as;14207;Elixir;NWE BASS ML 45-135, 5-Str L-Scale;NANOWEB  BASS Medium / Light -45-65-85-105-135 Electric, Long Scale, 5-String Set;Tilbehør;Strenger;25 %;396,99;829;32,11218335;663;165,8;266;Elixir
Musikk og elektronikk as;2150w;GHS;REG. CLASSIC High Tension;;Tilbehør;Strenger;25 %;68;99;11,31313131;79;19,8;11;GHS
Musikk og elektronikk as;1910LM-AM;Lee Oskar;HARMONIC MINOR A-MOLL;;Munnspill;;25 %;190,4;399;32,28070175;319;79,8;129;Lee Oskar
Musikk og elektronikk as;1910LM-ABM;Lee Oskar;HARMONIC MINOR AB-MOLL;;Munnspill;;25 %;190,4;399;32,28070175;319;79,8;129;Lee Oskar
Musikk og elektronikk as;1910LM-BM;Lee Oskar;HARMONIC MINOR B-MOLL;;Munnspill;;25 %;190,4;399;32,28070175;319;79,8;129;Lee Oskar
Musikk og elektronikk as;1910LM-BBM;Lee Oskar;HARMONIC MINOR BB-MOLL;;Munnspill;;25 %;190,4;399;32,28070175;319;79,8;129;Lee Oskar
Musikk og elektronikk as;1910LM-DM;Lee Oskar;HARMONIC MINOR D-MOLL;;Munnspill;;25 %;190,4;399;32,28070175;319;79,8;129;Lee Oskar
Musikk og elektronikk as;1910LM-DBM;Lee Oskar;HARMONIC MINOR DB-MOLL;;Munnspill;;25 %;190,4;399;32,28070175;319;79,8;129;Lee Oskar
Musikk og elektronikk as;1910LM-EM;Lee Oskar;HARMONIC MINOR E-MOLL;;Munnspill;;25 %;190,4;399;32,28070175;319;79,8;129;Lee Oskar
Musikk og elektronikk as;1910LM-EBM;Lee Oskar;HARMONIC MINOR EB-MOLL;;Munnspill;;25 %;190,4;399;32,28070175;319;79,8;129;Lee Oskar
Musikk og elektronikk as;1910LM-F#M;Lee Oskar;HARMONIC MINOR F#-MOLL;;Munnspill;;25 %;190,4;399;32,28070175;319;79,8;129;Lee Oskar
Musikk og elektronikk as;1910LM-FM;Lee Oskar;HARMONIC MINOR F-MOLL;;Munnspill;;25 %;190,4;399;32,28070175;319;79,8;129;Lee Oskar
Musikk og elektronikk as;1910LM-GM;Lee Oskar;HARMONIC MINOR G-MOLL;;Munnspill;;25 %;190,4;399;32,28070175;319;79,8;129;Lee Oskar
Musikk og elektronikk as;1910LM-CM;Lee Oskar;HARMONIC MINOR C-MOLL;;Munnspill;;25 %;190,4;399;32,28070175;319;79,8;129;Lee Oskar
Musikk og elektronikk as;1910MM-A;Lee Oskar;MELODY MAKER, A-DUR;;Munnspill;;25 %;190,4;399;32,28070175;319;79,8;129;Lee Oskar
Musikk og elektronikk as;1910MM-C;Lee Oskar;MELODY MAKER, C-DUR;;Munnspill;;25 %;190,4;399;32,28070175;319;79,8;129;Lee Oskar
Musikk og elektronikk as;1910MM-D;Lee Oskar;MELODY MAKER, D-DUR;;Munnspill;;25 %;190,4;399;32,28070175;319;79,8;129;Lee Oskar
Musikk og elektronikk as;1910MM-E;Lee Oskar;MELODY MAKER, E-DUR;;Munnspill;;25 %;190,4;399;32,28070175;319;79,8;129;Lee Oskar
Musikk og elektronikk as;1910MM-G;Lee Oskar;MELODY MAKER, G-DUR;;Munnspill;;25 %;190,4;399;32,28070175;319;79,8;129;Lee Oskar
Musikk og elektronikk as;1910LN-CM;Lee Oskar;NATURAL MINOR C-MOLL;;Munnspill;;25 %;190,4;399;32,28070175;319;79,8;129;Lee Oskar
Musikk og elektronikk as;1910LN-AM;Lee Oskar;NATURAL MINOR, A-MOL;;Munnspill;;25 %;190,4;399;32,28070175;319;79,8;129;Lee Oskar
Musikk og elektronikk as;1910LN-BM;Lee Oskar;NATURAL MINOR, B-MOL;;Munnspill;;25 %;190,4;399;32,28070175;319;79,8;129;Lee Oskar
Musikk og elektronikk as;1910LN-DM;Lee Oskar;NATURAL MINOR, D-MOL;;Munnspill;;25 %;190,4;399;32,28070175;319;79,8;129;Lee Oskar
Musikk og elektronikk as;1910LN-EM;Lee Oskar;NATURAL MINOR, E-MOL;;Munnspill;;25 %;190,4;399;32,28070175;319;79,8;129;Lee Oskar
Musikk og elektronikk as;1910LN-FM;Lee Oskar;NATURAL MINOR, F-MOL;;Munnspill;;25 %;190,4;399;32,28070175;319;79,8;129;Lee Oskar
Musikk og elektronikk as;1910LN-GM;Lee Oskar;NATURAL MINOR, G-MOL;;Munnspill;;25 %;190,4;399;32,28070175;319;79,8;129;Lee Oskar
Musikk og elektronikk as;1910LN-ABM;Lee Oskar;NATURAL MINOR,AB-MOL;;Munnspill;;25 %;190,4;399;32,28070175;319;79,8;129;Lee Oskar
Musikk og elektronikk as;1910LN-BBM;Lee Oskar;NATURAL MINOR,BB-MOL;;Munnspill;;25 %;190,4;399;32,28070175;319;79,8;129;Lee Oskar
Musikk og elektronikk as;1910LN-DBM;Lee Oskar;NATURAL MINOR,DB-MOL;;Munnspill;;25 %;190,4;399;32,28070175;319;79,8;129;Lee Oskar
Musikk og elektronikk as;1910LN-EBM;Lee Oskar;NATURAL MINOR,EB-MOL;;Munnspill;;25 %;190,4;399;32,28070175;319;79,8;129;Lee Oskar
Musikk og elektronikk as;1910LN-F#M;Lee Oskar;NATURAL MINOR,F#-MOL;;Munnspill;;25 %;190,4;399;32,28070175;319;79,8;129;Lee Oskar
Musikk og elektronikk as;1910L-A;Lee Oskar;POWER HARP, A-DUR;;Munnspill;;25 %;190,4;399;32,28070175;319;79,8;129;Lee Oskar
Musikk og elektronikk as;1910L-AB;Lee Oskar;POWER HARP, AB-DUR;;Munnspill;;25 %;190,4;399;32,28070175;319;79,8;129;Lee Oskar
Musikk og elektronikk as;1910L-B;Lee Oskar;POWER HARP, B-DUR;;Munnspill;;25 %;190,4;399;32,28070175;319;79,8;129;Lee Oskar
Musikk og elektronikk as;1910L-BB;Lee Oskar;POWER HARP, BB-DUR;;Munnspill;;25 %;190,4;399;32,28070175;319;79,8;129;Lee Oskar
Musikk og elektronikk as;1910L-C;Lee Oskar;POWER HARP, C-DUR;;Munnspill;;25 %;190,4;399;32,28070175;319;79,8;129;Lee Oskar
Musikk og elektronikk as;1910L-D;Lee Oskar;POWER HARP, D-DUR;;Munnspill;;25 %;190,4;399;32,28070175;319;79,8;129;Lee Oskar
Musikk og elektronikk as;1910L-DB;Lee Oskar;POWER HARP, DB-DUR;;Munnspill;;25 %;190,4;399;32,28070175;319;79,8;129;Lee Oskar
Musikk og elektronikk as;1910L-E;Lee Oskar;POWER HARP, E-DUR;;Munnspill;;25 %;190,4;399;32,28070175;319;79,8;129;Lee Oskar
Musikk og elektronikk as;1910L-EB;Lee Oskar;POWER HARP, EB-DUR;;Munnspill;;25 %;190,4;399;32,28070175;319;79,8;129;Lee Oskar
Musikk og elektronikk as;1910L-F#;Lee Oskar;POWER HARP, F#-DUR;;Munnspill;;25 %;190,4;399;32,28070175;319;79,8;129;Lee Oskar
Musikk og elektronikk as;1910L-F;Lee Oskar;POWER HARP, F-DUR;;Munnspill;;25 %;190,4;399;32,28070175;319;79,8;129;Lee Oskar
Musikk og elektronikk as;1910L-G;Lee Oskar;POWER HARP, G-DUR;;Munnspill;;25 %;190,4;399;32,28070175;319;79,8;129;Lee Oskar
Musikk og elektronikk as;1910L-LOW F;Lee Oskar;POWER HARP, L/F-DUR;;Munnspill;;25 %;190,4;399;32,28070175;319;79,8;129;Lee Oskar
Musikk og elektronikk as;1910L-HI G;Lee Oskar;POWER HARP,HI/G-DUR;;Munnspill;;25 %;190,4;399;32,28070175;319;79,8;129;Lee Oskar
Musikk og elektronikk as;1910KIT-C#M;Lee Oskar;REEDS, C#-MOLL;;Munnspill;;25 %;105,28;249;37,7188755;199;49,8;94;Lee Oskar
Musikk og elektronikk as;1910KIT-MM/A;Lee Oskar;REED MM, A-DUR;;Munnspill;;25 %;105,28;249;37,7188755;199;49,8;94;Lee Oskar
Musikk og elektronikk as;1910KIT-MM/C;Lee Oskar;REED MM, C-DUR;;Munnspill;;25 %;105,28;249;37,7188755;199;49,8;94;Lee Oskar
Musikk og elektronikk as;1910KIT-MM/D;Lee Oskar;REED MM, D-DUR;;Munnspill;;25 %;105,28;249;37,7188755;199;49,8;94;Lee Oskar
Musikk og elektronikk as;1910KIT-MM/E;Lee Oskar;REED MM, E-DUR;;Munnspill;;25 %;105,28;249;37,7188755;199;49,8;94;Lee Oskar
Musikk og elektronikk as;1910KIT-MM/G;Lee Oskar;REED MM, G-DUR;;Munnspill;;25 %;105,28;249;37,7188755;199;49,8;94;Lee Oskar
Musikk og elektronikk as;1910KIT-A;Lee Oskar;REEDS, A-DUR;;Munnspill;;25 %;105,28;249;37,7188755;199;49,8;94;Lee Oskar
Musikk og elektronikk as;1910KIT-AM;Lee Oskar;REEDS, A-MOLL;;Munnspill;;25 %;105,28;249;37,7188755;199;49,8;94;Lee Oskar
Musikk og elektronikk as;1910KIT-AB;Lee Oskar;REEDS, AB;;Munnspill;;25 %;105,28;249;37,7188755;199;49,8;94;Lee Oskar
Musikk og elektronikk as;1910KIT-B;Lee Oskar;REEDS, B-DUR;;Munnspill;;25 %;105,28;249;37,7188755;199;49,8;94;Lee Oskar
Musikk og elektronikk as;1910KIT-BB;Lee Oskar;REEDS, BB;;Munnspill;;25 %;105,28;249;37,7188755;199;49,8;94;Lee Oskar
Musikk og elektronikk as;1910KIT-BM;Lee Oskar;REEDS, BM;;Munnspill;;25 %;105,28;249;37,7188755;199;49,8;94;Lee Oskar
Musikk og elektronikk as;1910KIT-C;Lee Oskar;REEDS, C-DUR;;Munnspill;;25 %;105,28;249;37,7188755;199;49,8;94;Lee Oskar
Musikk og elektronikk as;1910KIT-CM;Lee Oskar;REEDS, C-MOLL;;Munnspill;;25 %;105,28;249;37,7188755;199;49,8;94;Lee Oskar
Musikk og elektronikk as;1910KIT-D;Lee Oskar;REEDS, D-DUR;;Munnspill;;25 %;105,28;249;37,7188755;199;49,8;94;Lee Oskar
Musikk og elektronikk as;1910KIT-DM;Lee Oskar;REEDS, D-MOLL;;Munnspill;;25 %;105,28;249;37,7188755;199;49,8;94;Lee Oskar
Musikk og elektronikk as;1910KIT-DB;Lee Oskar;REEDS, DB;;Munnspill;;25 %;105,28;249;37,7188755;199;49,8;94;Lee Oskar
Musikk og elektronikk as;1910KIT-E;Lee Oskar;REEDS, E-DUR;;Munnspill;;25 %;105,28;249;37,7188755;199;49,8;94;Lee Oskar
Musikk og elektronikk as;1910KIT-EM;Lee Oskar;REEDS, E-MOLL;;Munnspill;;25 %;105,28;249;37,7188755;199;49,8;94;Lee Oskar
Musikk og elektronikk as;1910KIT-EB;Lee Oskar;REEDS, EB;;Munnspill;;25 %;105,28;249;37,7188755;199;49,8;94;Lee Oskar
Musikk og elektronikk as;1910KIT-F#;Lee Oskar;REEDS, F#;;Munnspill;;25 %;105,28;249;37,7188755;199;49,8;94;Lee Oskar
Musikk og elektronikk as;1910KIT-F;Lee Oskar;REEDS, F-DUR;;Munnspill;;25 %;105,28;249;37,7188755;199;49,8;94;Lee Oskar
Musikk og elektronikk as;1910KIT-FM;Lee Oskar;REEDS, F-MOLL;;Munnspill;;25 %;105,28;249;37,7188755;199;49,8;94;Lee Oskar
Musikk og elektronikk as;1910KIT-G;Lee Oskar;REEDS, G-DUR;;Munnspill;;25 %;105,28;249;37,7188755;199;49,8;94;Lee Oskar
Musikk og elektronikk as;1910KIT-GM;Lee Oskar;REEDS, G-MOLL;;Munnspill;;25 %;105,28;249;37,7188755;199;49,8;94;Lee Oskar
Musikk og elektronikk as;1910KIT-HG;Lee Oskar;REEDS, HIGH-G;;Munnspill;;25 %;105,28;249;37,7188755;199;49,8;94;Lee Oskar
Musikk og elektronikk as;1910KIT-HM/AM;Lee Oskar;REEDS, HM-AM;;Munnspill;;25 %;105,28;249;37,7188755;199;49,8;94;Lee Oskar
Musikk og elektronikk as;1910KIT-HM-EM;Lee Oskar;REEDS, HM/EM;;Munnspill;;25 %;105,28;249;37,7188755;199;49,8;94;Lee Oskar
Musikk og elektronikk as;1910KIT-LF;Lee Oskar;REEDS, LOW-F;;Munnspill;;25 %;105,28;249;37,7188755;199;49,8;94;Lee Oskar
Musikk og elektronikk as;LO-TK;Lee Oskar;Tool kit;;Munnspill;;25 %;176,96;399;35,64912281;319;79,8;142;Lee Oskar
Musikk og elektronikk as;10CP;Lee Oskar;COVER PLATES;;Munnspill;;25 %;29,12;79;43,13924051;63;15,8;34;Lee Oskar
Musikk og elektronikk as;10CB;Lee Oskar;PLASTIC COMB;;Munnspill;;25 %;24,64;79;48,81012658;63;15,8;39;Lee Oskar
Musikk og elektronikk as;10B;Lee Oskar;PLASTIC INTERLOCKING BOX;;Munnspill;;25 %;24,64;79;48,81012658;63;15,8;39;Lee Oskar
Musikk og elektronikk as;LO4;Lee Oskar;OSKAMONICA;;Munnspill;;25 %;78,4;179;36,20111732;143;35,8;65;Lee Oskar
Musikk og elektronikk as;EBOW+;;E-BOW PLUS, FOR GUITAR;;Tilbehør;;25 %;795;1299;18,79907621;1039;259,8;244;Ebow
Vines Music;PB-A05;;Capo;;Tilbehør;;25 %;9;169;74,67455621;135;33,8;126;
Vines Music;PE-A15;;Gitarreim klassisk gitar/ukulele;;Tilbehør;;25 %;8,73;99;71,18181818;79;19,8;70;
Vines Music;PE-A10;;Gitarreim el-gitar/western gitar;;Tilbehør;;25 %;17,28;149;68,40268456;119;29,8;102;
Vines Music;PF-A15;;Notestativ med heldekket sort plate;;Tilbehør;;25 %;45;298;64,89932886;238;59,6;193;
Vines Music;PF-C20;;Gitarstativ gulv med halskrok ;;Tilbehør;;25 %;24;249;70,36144578;199;49,8;175;
Vines Music;PF-C10A;;Gitarstativ gulv;;Tilbehør;;25 %;24;199;67,93969849;159;39,8;135;
Vines Music;PF-C05;;Ukulele stativ;;Tilbehør;;25 %;21;199;69,44723618;159;39,8;138;
Vines Music;PF-D09;;Gitarstativ for elgitartstativ - 9 stk;;Tilbehør;;25 %;120;499;55,95190381;399;99,8;279;
Vines Music;PF-D07;;Gitarstativ for akustisk gitar - 7 stk;;Tilbehør;;25 %;112,5;499;57,45490982;399;99,8;287;
Vines Music;PF-H10;;Fotskammel for klassisk gitar;;Tilbehør;;25 %;14,5;199;72,71356784;159;39,8;145;
Vines Music;PP-E02;;Strengesveiv;;Tilbehør;;25 %;3;49;73,87755102;39;9,8;36;
Vines Music;PP-D02;;Reimfeste Chrome;;Tilbehør;;25 %;0,9;29;76,89655172;23;5,8;22;
Vines Music;PP-B02;;Stemmemekanikk klassisk gitar;;Tilbehør;;25 %;17;79;58,48101266;63;15,8;46;
Vines Music;PP-B03;;Stemmemekanikk EL-gitar;;Tilbehør;;25 %;4;49;71,83673469;39;9,8;35;
Vines Music;PP-B04;;Stemmemekanikk Western gitar;;Tilbehør;;25 %;5;49;69,79591837;39;9,8;34;
Vines Music;PP-C03;;Stol til gitar;;Tilbehør;;25 %;0,3;49;79,3877551;39;9,8;39;
Vines Music;PP-C05;;Låsepinner til westerngitar;;Tilbehør;;25 %;0,3;39;79,23076923;31;7,8;31;
Vines Music;PP-C01;;Sadel til gitar;;Tilbehør;;25 %;0,3;49;79,3877551;39;9,8;39;
Vines Music;PK-Z10;;Plekterholder;;Tilbehør;;25 %;0,1;30;79,66666667;24;6;24;
Vines Music;PK-C10;;Fingerplekter;;Tilbehør;;25 %;0,2;15;78,66666667;12;3;12;
Vines Music;PK-B10;;Tommelplekter;;Tilbehør;;25 %;0,2;15;78,66666667;12;3;12;
Vines Music;PD-JA200;;Universal Guitar tuner;;Tilbehør;;25 %;25;149;63,22147651;119;29,8;94;
Vines Music;PD-JPX100;;Metronom;;Tilbehør;;25 %;130;249;27,79116466;199;49,8;69;
Joyo;RD-B;;Pedalbrett;;Tilbehør;;25 %;250;599;38,26377295;479;119,8;229;
Monacor;GWH-100;;Gitarstativ veggfeste;;Tilbehør;;25 %;64,34;149;36,81879195;119;29,8;55;IMG
Monacor;KM-210/9;;K&M Mikrofonstativ høyt med galge;;Tilbehør;;25 %;354,9;749;32,61682243;599;149,8;244;K&M
Monacor;KM-259;;K&M Mikrofonstativ lavt med galge;;Tilbehør;;25 %;366,11;749;31,12016021;599;149,8;233;K&M
Monacor;KM-26085;;K&M Mikrofonstativ med rund sokkel;;Tilbehør;;25 %;337,35;799;37,77847309;639;159,8;302;K&M
Monacor;MHP-200;;Stereoskinne for mikrofonstativ;;Tilbehør;;25 %;40,31;149;52,94630872;119;29,8;79;IMG
Monacor;NTA-175M;;Overgangsplugg Jack/phono;;Tilbehør;;25 %;8,25;25;47;20;5;12;Monacor
Vines Music;PL-B3;;Jack kabel 3m;;Tilbehør;Kabler;25 %;25;109;57,06422018;87;21,8;62;
Vines Music;PL-B6;;Jack kabel 6m;;Tilbehør;Kabler;25 %;37;169;58,10650888;135;33,8;98;
Vines Music;PL-B10;;Jack kabel 10m;;Tilbehør;Kabler;25 %;50;219;57,16894977;175;43,8;125;
Highlite;FL1806;;Jack kabel 6m med vinkelplugg;;Tilbehør;Kabler;25 %;54;179;49,83240223;143;35,8;89;
Highlite;FL1810;;Jack kabel 10m med vinkelplugg;;Tilbehør;Kabler;25 %;59;229;54,23580786;183;45,8;124;
Highlite;FL053;;Jack kabel 3m;;Tilbehør;Kabler;25 %;15;99;64,84848485;79;19,8;64;
Highlite;FL056;;Jack kabel 6m;;Tilbehør;Kabler;25 %;20;149;66,57718121;119;29,8;99;
Highlite;FL0510;;Jack kabel 10m;;Tilbehør;Kabler;25 %;31;199;64,42211055;159;39,8;128;
Highlite;FL01150;;XLR kabel 1,5m;;Tilbehør;Kabler;25 %;33;79;38,2278481;63;15,8;30;
Highlite;FL013;;XLR kabel 3m;;Tilbehør;Kabler;25 %;39;99;40,60606061;79;19,8;40;
Highlite;FL016;;Xlr kabel 6m;;Tilbehør;Kabler;25 %;50;129;41,24031008;103;25,8;53;
Highlite;FL0110;;XLR kabel 10m;;Tilbehør;Kabler;25 %;69;149;33,69127517;119;29,8;50;
Highlite;FL503;;MIDI kabel 3m;;Tilbehør;Kabler;25 %;22;79;52,15189873;63;15,8;41;
Monacor;MCA-204;;Minijack / Stereo jack (splittet) 1m;;Tilbehør;Kabler;25 %;26,13;59;35,71186441;47;11,8;21;Monacor
Monacor;MCA-129P;;Minijack / XLR han 1m ;;Tilbehør;Kabler;25 %;48,66;99;30,84848485;79;19,8;31;Monacor
Monacor;MCA-129J;;Minijack / XLR hun 1m ;;Tilbehør;Kabler;25 %;51,21;119;36,96638655;95;23,8;44;Monacor
Monacor;ACA-1635;;Minijack / Phono 1,2m;;Tilbehør;Kabler;25 %;14,23;39;43,51282051;31;7,8;17;Monacor
Monacor;ACA-1735;;Minijack / Phono 2m;;Tilbehør;Kabler;25 %;19,59;49;40,02040816;39;9,8;20;Monacor
Monacor;ACA-1935;;Minijack / Phono 10m;;Tilbehør;Kabler;25 %;64,34;149;36,81879195;119;29,8;55;Monacor
Vines Music;PH-E10-F;;Elektrisk gitar case universal;;Tilbehør;Bag / Case;25 %;253;995;54,57286432;796;199;543;
Vines Music;PH-A10;;Akustisk gitar case western;;Tilbehør;Bag / Case;25 %;211;995;58,79396985;796;199;585;
Vines Music;PH-C10;;Akustisk gitar case klassisk gitar;;Tilbehør;Bag / Case;25 %;253;995;54,57286432;796;199;543;
Vines Music;PH-E10-L;;Elektrisk gitar case les-paul;;Tilbehør;Bag / Case;25 %;253;995;54,57286432;796;199;543;
Vines Music;PG-A30-41;;Gitarbag akustisk western;;Tilbehør;Bag / Case;25 %;115;479;55,99164927;383;95,8;268;
Vines Music;PG-A12-41;;Gitarbag akustisk western;;Tilbehør;Bag / Case;25 %;31;279;68,88888889;223;55,8;192;
Joyo;RD-2;;Flightcase for pedalbrett;;Tilbehør;Bag / Case;25 %;600;1595;42,38244514;1276;319;676;
Joyo;RD-3;;Flightcase for pedalbrett;;Tilbehør;Bag / Case;25 %;480;1195;39,83263598;956;239;476;
Ohmless Pedals;OHM-01;;Lorena;;Effekter;;25 %;1122;1995;23,7593985;1596;399;474;
Ohmless Pedals;OHM-02;;Solana;;Effekter;;25 %;1122;1995;23,7593985;1596;399;474;
Ohmless Pedals;OHM-03;;Solana Soft Switch;;Effekter;;25 %;1217;2249;25,88706092;1799;449,8;582;
Ohmless Pedals;OHM-04;;Yara;;Effekter;;25 %;1217;2249;25,88706092;1799;449,8;582;
Ohmless Pedals;OHM-05;;Yara Soft Switch;;Effekter;;25 %;1319;2399;25,01875782;1919;479,8;600;
Ohmless Pedals;OHM-06;;Valve;;Effekter;;25 %;673;1499;35,10340227;1199;299,8;526;
Ohmless Pedals;OHM-07;;Detonator;;Effekter;;25 %;615;1499;38,97264843;1199;299,8;584;
Ohmless Pedals;OHM-08;;Hatchet;;Effekter;;25 %;401;999;39,85985986;799;199,8;398;
Ohmless Pedals;OHM-09;;Plunger;;Effekter;;25 %;333;649;28,69029276;519;129,8;186;
Ohmless Pedals;OHM-10;;Double Plounger;;Effekter;;25 %;469;899;27,83092325;719;179,8;250;
Ohmless Pedals;OHM-11;;LeSwitch;;Effekter;;25 %;1353;2499;25,85834334;1999;499,8;646;
Ohmless Pedals;OHM-12;;Ink Pot;;Effekter;;25 %;197;399;30,62656642;319;79,8;122;
Ohmless Pedals;OHM-13;;Dual Ink Pot;;Effekter;;25 %;333;649;28,69029276;519;129,8;186;
Ohmless Pedals;OHM-14;;Tap Tempo;;Effekter;;25 %;197;399;30,62656642;319;79,8;122;
Joyo;JF-01;;Vintage overdrive;;Effekter;;25 %;170;399;37,39348371;319;79,8;149;
Joyo;JF-02;;Ultimate Drive;;Effekter;;25 %;170;399;37,39348371;319;79,8;149;
Joyo;JF-03;;Chrunch Distortion;;Effekter;;25 %;170;399;37,39348371;319;79,8;149;
Joyo;JF-04;;High Gain Distortion;;Effekter;;25 %;170;449;42,13808463;359;89,8;189;
Joyo;JF-05;;Classic Chorus;;Effekter;;25 %;170;449;42,13808463;359;89,8;189;
Joyo;JF-06;;Vintage phaser;;Effekter;;25 %;170;399;37,39348371;319;79,8;149;
Joyo;JF-07;;Classic flanger;;Effekter;;25 %;170;399;37,39348371;319;79,8;149;
Joyo;JF-08;;Digital Delay;;Effekter;;25 %;170;449;42,13808463;359;89,8;189;
Joyo;JF-09;;Tremolo;;Effekter;;25 %;170;399;37,39348371;319;79,8;149;
Joyo;JF-10;;Dynamic compressor;;Effekter;;25 %;170;399;37,39348371;319;79,8;149;
Joyo;JF-11;;6 band EQ;;Effekter;;25 %;170;399;37,39348371;319;79,8;149;
Joyo;JF-12;;Voodoo Octave;;Effekter;;25 %;170;449;42,13808463;359;89,8;189;
Joyo;JF-13;;AC Tone;;Effekter;;25 %;190;449;37,68374165;359;89,8;169;
Joyo;JF-14;;American Sound;;Effekter;;25 %;190;449;37,68374165;359;89,8;169;
Joyo;JF-15;;California Sound;;Effekter;;25 %;190;449;37,68374165;359;89,8;169;
Joyo;JF-16;;British Sound;;Effekter;;25 %;190;449;37,68374165;359;89,8;169;
Joyo;JF-17;;Extreme metal;;Effekter;;25 %;190;449;37,68374165;359;89,8;169;
Joyo;JDI-01;;Di boks;;Effekter;;25 %;190;449;37,68374165;359;89,8;169;
Joyo;JF-30;;A/B Switch;;Effekter;;25 %;180;399;34,88721805;319;79,8;139;
Joyo;JF-31;;Noise Gate;;Effekter;;25 %;180;449;39,91091314;359;89,8;179;
Joyo;JF-32;;Hot Plexi;;Effekter;;25 %;180;449;39,91091314;359;89,8;179;
Joyo;JF-33;;Analog Delay;;Effekter;;25 %;180;399;34,88721805;319;79,8;139;
Joyo;JF-34;;US Dream;;Effekter;;25 %;180;399;34,88721805;319;79,8;139;
Joyo;JF-35;;Pocket Metal;;Effekter;;25 %;180;399;34,88721805;319;79,8;139;
Joyo;JF-36;;Sweet Baby;;Effekter;;25 %;180;399;34,88721805;319;79,8;139;
Joyo;JF-37;;Analog Chorus;;Effekter;;25 %;180;399;34,88721805;319;79,8;139;
Joyo;JF-38;;Roll Boost;;Effekter;;25 %;180;399;34,88721805;319;79,8;139;
Joyo;JF-39;;Deluxe Chrunch;;Effekter;;25 %;180;399;34,88721805;319;79,8;139;
Joyo;D-Seed;;D-seed ;;Effekter;;25 %;350;799;36,19524406;639;159,8;289;
Joyo;GEM-Box;;GEM Box;;Effekter;;25 %;400;999;39,95995996;799;199,8;399;
Joyo;JF-301;;Rated boost;;Effekter;;25 %;260;699;42,80400572;559;139,8;299;
Joyo;JF-302;;Wild Boost;;Effekter;;25 %;260;699;42,80400572;559;139,8;299;
Joyo;JF-303;;Little blaster;;Effekter;;25 %;260;699;42,80400572;559;139,8;299;
Joyo;JF-304;;Time magic;;Effekter;;25 %;260;699;42,80400572;559;139,8;299;
Joyo;JF-305;;AT drive;;Effekter;;25 %;260;699;42,80400572;559;139,8;299;
Joyo;JF-306;;Rushing Train;;Effekter;;25 %;260;699;42,80400572;559;139,8;299;
Joyo;JF-307;;Clean glass;;Effekter;;25 %;260;699;42,80400572;559;139,8;299;
Joyo;JF-308;;Golden face;;Effekter;;25 %;260;699;42,80400572;559;139,8;299;
Joyo;JF-309;;Boogie master;;Effekter;;25 %;260;699;42,80400572;559;139,8;299;
Joyo;JF-310;;Organge juice;;Effekter;;25 %;260;699;42,80400572;559;139,8;299;
Joyo;JF-311;;Blue Rain;;Effekter;;25 %;260;699;42,80400572;559;139,8;299;
Joyo;JF-312;;Pipebomb;;Effekter;;25 %;260;699;42,80400572;559;139,8;299;
Joyo;JF-313;;Old School ;;Effekter;;25 %;260;699;42,80400572;559;139,8;299;
Joyo;JF-314;;Husky drive;;Effekter;;25 %;260;699;42,80400572;559;139,8;299;
Joyo;JF-315;;Metal head;;Effekter;;25 %;260;699;42,80400572;559;139,8;299;
Joyo;JF-316;;Future chorus;;Effekter;;25 %;260;699;42,80400572;559;139,8;299;
Joyo;JF-317;;Space verb;;Effekter;;25 %;260;699;42,80400572;559;139,8;299;
Joyo;JF-318;;Quattro;;Effekter;;25 %;260;699;42,80400572;559;139,8;299;
Joyo;JF-319;;Green legend;;Effekter;;25 %;260;699;42,80400572;559;139,8;299;
Joyo;JF-320;;Purple storm;;Effekter;;25 %;260;699;42,80400572;559;139,8;299;
Joyo;JF-321;;Bullet metal;;Effekter;;25 %;260;699;42,80400572;559;139,8;299;
Joyo;JF-322;;Wath pedal;;Effekter;;25 %;260;699;42,80400572;559;139,8;299;
Joyo;JF-323;;Wooden sound;;Effekter;;25 %;260;699;42,80400572;559;139,8;299;
Joyo;JF-324;;Noice gate;;Effekter;;25 %;260;699;42,80400572;559;139,8;299;
Joyo;JF-325;;Tremelo;;Effekter;;25 %;260;699;42,80400572;559;139,8;299;
Joyo;JF-326;;Pedal tuner;;Effekter;;25 %;260;699;42,80400572;559;139,8;299;
Joyo;JF-327;;Flanger;;Effekter;;25 %;260;699;42,80400572;559;139,8;299;
Joyo;JP-01;;Strømforsyning 9v ;;Effekter;;25 %;240;599;39,93322204;479;119,8;239;
Joyo;JP-02;;Strømforsyning 9v ;;Effekter;;25 %;290;699;38,51216023;559;139,8;269;
Joyo;JP-04;;Strømforsyning 9v ;;Effekter;;25 %;450;999;34,95495495;799;199,8;349;
Joyo;J-PT;;Power tuner;;Effekter;;25 %;400;899;35,50611791;719;179,8;319;
Joyo;PXL-8;;Looper pedal 8 pedaler;;Effekter;;25 %;750;1599;33,0956848;1279;319,8;529;
Joyo;PXL-4;;Looper pedal 4 pedaler;;Effekter;;25 %;560;1299;36,88991532;1039;259,8;479;
Joyo;PXL-PRO;;Looper pedal 8 pedaler;;Effekter;;25 %;900;1999;34,97748874;1599;399,8;699;
Joyo;PXL-LIVE;;MIDI kontroller looper;;Effekter;;25 %;1000;2495;39,91983968;1996;499;996;
Norsk Musikforlag;NO12962;;Den aller beste gitarboka;;Bøker;;25 %;177;399;35,63909774;319;79,8;142;
Norsk Musikforlag;NO13348;;Første ukuleleboka;;Bøker;;25 %;95;229;38,51528384;183;45,8;88;
Norsk Musikforlag;MH1964;;Vi spiller piano 1;;Bøker;;25 %;63;199;48,34170854;159;39,8;96;
Norsk Musikforlag;MH2005;;Vi spiller piano 2;;Bøker;;25 %;67,2;199;46,23115578;159;39,8;92;
Norsk Musikforlag;MH2066;;Vi spiller piano 3;;Bøker;;25 %;76,8;199;41,40703518;159;39,8;82;
Norsk Musikforlag;MH3505;;Gøy med ukulele;;Bøker;;25 %;119,4;249;32,04819277;199;49,8;80;
Norsk Musikforlag;NO12941;;Låtskriverhåndboka;;Bøker;;25 %;180;399;34,88721805;319;79,8;139;
Prostage;LCT140;;Lewitt LCT 140 Kondesator mikrofon;;Mikrofoner;;25 %;1102;2295;31,98257081;1836;459;734;
Prostage;LCT240;;Lewitt LCT 240 Kondesatormikrofon;;Mikrofoner;;25 %;1198;2495;31,98396794;1996;499;798;
Prostage;LCT340;;LEWITT LCT 340 kondensatormikrofon ;;Mikrofoner;;25 %;2734;5695;31,99297629;4556;1139;1822;
Prostage;LCT340SK;;LEWITT LCT 340 kondensatormikrofon Stereo KIT;;Mikrofoner;;25 %;6046;12595;31,99682414;10076;2519;4030;
Prostage;LCT450;;Lewitt LCT 450 Stormembranmikrofon;;Mikrofoner;;25 %;2206;4595;31,99129489;3676;919;1470;
Prostage;MTP250DM;;LEWITT MTP 250 DM Dynamisk mikrofon ;;Mikrofoner;;25 %;574;1195;31,9665272;956;239;382;
Prostage;MTP250DMS;;LEWITT MTP 250 DM Dynamisk mikrofon med bryter;;Mikrofoner;;25 %;574;1195;31,9665272;956;239;382;
Prostage;MTP350CM;;LEWITT MTP 350 CM Kondensatormikrofon ;;Mikrofoner;;25 %;1150;2395;31,98329854;1916;479;766;
Prostage;MTP350CMs;;LEWITT MTP 350 CM Kondensatormikrofon med bryter;;Mikrofoner;;25 %;1150;2395;31,98329854;1916;479;766;
Prostage;MTP440DM;;LEWITT MTP 440 DM dynamsik mikrofon ;;Mikrofoner;;25 %;718;1495;31,97324415;1196;299;478;
Prostage;MTP550DM;;LEWITT MTP 550 DM Dynamisk mikrofon ;;Mikrofoner;;25 %;814;1695;31,97640118;1356;339;542;
Prostage;MTP550DMS;;LEWITT MTP 550 DMS Dynamisk mikrofon med bryter;;Mikrofoner;;25 %;814;1695;31,97640118;1356;339;542;
Prostage;MTP740CM;;LEWITT MTP 740 CM kondensator mikrofon ;;Mikrofoner;;25 %;2878;5995;31,99332777;4796;1199;1918;
Prostage;MTP840DM;;LEWITT MTP 840 DM dynamisk mikrofon ;;Mikrofoner;;25 %;1918;3995;31,98998748;3196;799;1278;
Prostage;DTP340TT;;LEWITT DTP 340 TT dynamisk inst.mik ;;Mikrofoner;;25 %;718;1495;31,97324415;1196;299;478;
Prostage;DTP640REX;;LEWITT DTP 340 REX dynamisk inst.mik for stortromme;;Mikrofoner;;25 %;1054;2195;31,98177677;1756;439;702;
Prostage;DTPBK6;;LEWITT DTP BK6 trommemiksett ;;Mikrofoner;;25 %;4222;8795;31,99545196;7036;1759;2814;
Prostage;DTPBK7;;LEWITT DTP BK7 trommemiksett ;;Mikrofoner;;25 %;7678;15995;31,99749922;12796;3199;5118;
Prostage;DGT450USB;;LEWITT DGT 450 USB mikrofon ;;Mikrofoner;;25 %;1678;3495;31,98855508;2796;699;1118;
Prostage;DGT650USB;;LEWITT DGT 650 USB mikrofon;;Mikrofoner;;25 %;2590;5395;31,99258573;4316;1079;1726;
Benum;SHU-SM58-LCE;;Shure SM58 Dynamisk mikrofon;;Mikrofoner;;25 %;2590;5395;31,99258573;4316;1079;1726;
Benum;SHU-SM57-LCE;;Shure SM57 Dynamisk mikrofon;;Mikrofoner;;25 %;2590;5395;31,99258573;4316;1079;1726;
Monacor;TXS-606;;Trådløs mottaker;;Mikrofoner;;25 %;1066,75;2499;37,31292517;1999;499,8;932;IMG
Monacor;TXS-646;;Trådløs mottaker 4U;;Mikrofoner;;25 %;2384,37;5495;36,60837125;4396;1099;2012;IMG
Monacor;TXS-626;;Trådløs mottaker 2U;;Mikrofoner;;25 %;1423,75;3495;39,26323319;2796;699;1372;IMG
Monacor;TXS-606HT;;Trådløs mikrofon håndholdt;;Mikrofoner;;25 %;581,4;1495;41,11036789;1196;299;615;IMG
Monacor;TXS-606HSE;;Trådløs sender beltpack;;Mikrofoner;;25 %;581,4;1495;41,11036789;1196;299;615;IMG
Monacor;HSE-150/SK;;Hodebøylemikrofon til TXS-606HSE;;Mikrofoner;;25 %;293,7;699;37,98283262;559;139,8;266;IMG
Joyo;I-Plug;;Hodetelefonforsterker til gitar;;Forsterkere;;25 %;88;249;44,65863454;199;49,8;111;
Joyo;JA-103;;Hodetelefonforsterker til gitar;;Forsterkere;;25 %;65;199;47,33668342;159;39,8;94;
Joyo;JG-10;;10w Gitarforsterker;;Forsterkere;;25 %;210;995;58,89447236;796;199;586;
Joyo;DC-15;;15w Gitarforsterker;;Forsterkere;;25 %;420;1495;51,90635452;1196;299;776;
Joyo;JA-30;;30w Gitarforsterker;;Forsterkere;;25 %;680;2595;53,79576108;2076;519;1396;
Joyo;AC-20;;20w Gitarforsterker;;Forsterkere;;25 %;660;2395;52,44258873;1916;479;1256;
Joyo;JTA-05;;5w Gitarforsterker;;Forsterkere;;25 %;620;2695;56,99443414;2156;539;1536;
Joyo;OD-30;;25w Rørforsterker;;Forsterkere;;25 %;880;3495;54,8211731;2796;699;1916;
Joyo;JMA-15;;15w Rørforsterker;;Forsterkere;;25 %;980;3995;55,46933667;3196;799;2216;
Joyo;JBA-35;;35w Bassforsterker;;Forsterkere;;25 %;240;1495;63,94648829;1196;299;956;
Joyo;JBA-70;;70w Bassforsterker;;Forsterkere;;25 %;980;3995;55,46933667;3196;799;2216;
Joyo;JBA-100;;100w Bassforsterker;;Forsterkere;;25 %;1560;4995;48,76876877;3996;999;2436;
Joyo;;;Joyo Balestreet;;Forsterkere;;25 %;;;;;;;
Joyo;;;Joyo JDA-05H;;Forsterkere;;25 %;;;;;;;
Joyo;;;Joyo MJOLNIR;;Forsterkere;;25 %;;;;;;;
Benum;BA-115v2;;Ampeg BA115V2 Bassforsterker;;Forsterkere;;25 %;2741,6;4995;25,11311311;3996;999;1254;Ampeg
Benum;BA-110;;Ampeg BA110 Bassforsterker;;Forsterkere;;25 %;1196;2495;32,06412826;1996;499;800;Ampeg
Njål Hanssen;DT-770PRO;;Beyerdynamic DT770 PRO;;Studio;Hodetelefoner;25 %;1176;1895;17,94195251;1516;379;340;Beyerdynamic
Monacor;MD-390;;IMG MD-390 Hodetelefoner;;Studio;Hodetelefoner;25 %;102;229;35,45851528;183;45,8;81;IMG
Monacor;MD-4800;;IMG MD-4800 hodetelefoner;;Studio;Hodetelefoner;25 %;129;379;45,96306069;303;75,8;174;IMG
Monacor;MD-6800;;IMG MD-6800 hodetelefoner;;Studio;Hodetelefoner;25 %;375,76;799;32,97121402;639;159,8;263;IMG
Monacor;MD-6000;;IMG MD-6000 Hodetelefoner;;Studio;Hodetelefoner;25 %;240,24;499;31,85571142;399;99,8;159;IMG
Monacor;MD-480;;IMG MD-480 hodetelefoner;;Studio;Hodetelefoner;25 %;189,87;399;32,41353383;319;79,8;129;IMG
Monacor;MD-4600;;IMG MD-4600 Hodetelefoner;;Studio;Hodetelefoner;25 %;91,6;249;43,21285141;199;49,8;108;IMG
Vines Music;L-645;;RW Western gitar m/Cutaway - 40'' - OVN;;Gitar;;25 %;429,33;1595;53,08275862;1276;319;847;
Vines Music;L-710B;;RW Western gitar m/Cutaway - 40'' - N;;Gitar;;25 %;398,67;1595;55,00501567;1276;319;877;
Vines Music;L-807;;RW Western gitar m/Cutaway - 41'' - DVN;;Gitar;;25 %;314,36;1995;64,24260652;1596;399;1282;
Vines Music;L-980;;RW Western gitar m/Cutaway - 41'' - Wh FM;;Gitar;;25 %;674,67;1995;46,18195489;1596;399;921;
Polysonic;110295;;Cataluna Klassisk gitar 3/4 SGN-C61 - N;;Gitar;;25 %;621;1195;28,0334728;956;239;335;Cataluna
Polysonic;110297;;Cataluna Klassisk gitar 3/4 SGN-C61 - BK;;Gitar;;25 %;673;1295;28,03088803;1036;259;363;Cataluna
Polysonic;110298;;Cataluna Klassisk gitar 3/4 SGN-C61 - PK;;Gitar;;25 %;673;1295;28,03088803;1036;259;363;Cataluna
Polysonic;110301;;Cataluna Klassisk gitar 4/4 SGN-C81 - N;;Gitar;;25 %;621;1195;28,0334728;956;239;335;Cataluna
Polysonic;110299;;Cataluna Klassisk gitar 4/4 SGN-C81 - BK;;Gitar;;25 %;725;1395;28,02867384;1116;279;391;Cataluna
Polysonic;110293;;Cataluna Klassisk gitar 4/4 SGN-C81CE - BK;;Gitar;;25 %;1193;2295;28,01742919;1836;459;643;Cataluna
Polysonic;110292;;Cataluna Klassisk gitar 4/4 SGN-C81CE - N;;Gitar;;25 %;1141;2195;28,01822323;1756;439;615;Cataluna
Polysonic;110326;;Cataluna Western gitar 4/4 SGS-1080 - N;;Gitar;;25 %;1557;2995;28,01335559;2396;599;839;Cataluna
Polysonic;110327;;Cataluna Western gitar 4/4 SGS-1080CE - N;;Gitar;;25 %;1817;3495;28,01144492;2796;699;979;Cataluna
Morgan;230025;;Morgan W 110 3/4 - BK;;Gitar;;25 %;;1595;80;1276;319;1276;Morgan
Morgan;230110;;Morgan W 110 3/4 - DVB;;Gitar;;25 %;;1595;80;1276;319;1276;Morgan
Morgan;230111;;Morgan W 110 E 3/4 - BK w/pickup;;Gitar;;25 %;;1895;80;1516;379;1516;Morgan
Morgan;230026;;Morgan W 110 3/4 - N;;Gitar;;25 %;;1595;80;1276;319;1276;Morgan
Morgan;230021;;Morgan W 110 3/4 - RB;;Gitar;;25 %;;1595;80;1276;319;1276;Morgan
Morgan;240460;;Morgan W 110 3/4 - TSB;;Gitar;;25 %;;1595;80;1276;319;1276;Morgan
Morgan;230024;;Morgan W 110 3/4 - VSB;;Gitar;;25 %;;1595;80;1276;319;1276;Morgan
Morgan;230023;;Morgan W 110 3/4 - WRB;;Gitar;;25 %;;1595;80;1276;319;1276;Morgan
Morgan;230377;;Morgan W 120 SCE OM - BK;;Gitar;;25 %;;3795;80;3036;759;3036;Morgan
Morgan;230371;;Morgan W 120 S - BK;;Gitar;;25 %;;2995;80;2396;599;2396;Morgan
Morgan;230370;;Morgan W 120 S - N;;Gitar;;25 %;;2995;80;2396;599;2396;Morgan
Morgan;230387;;Morgan W 120 S - WH;;Gitar;;25 %;;2995;80;2396;599;2396;Morgan
Morgan;230373;;Morgan W 120 SCE - BK;;Gitar;;25 %;;3795;80;3036;759;3036;Morgan
Morgan;230379;;Morgan W 120 SCE - DVB;;Gitar;;25 %;;3795;80;3036;759;3036;Morgan
Morgan;230372;;Morgan W 120 SCE - N;;Gitar;;25 %;;3795;80;3036;759;3036;Morgan
Morgan;230378;;Morgan W 120 SCE - VSB;;Gitar;;25 %;;3795;80;3036;759;3036;Morgan
Morgan;230386;;Morgan W 120 SCE - WH;;Gitar;;25 %;;3795;80;3036;759;3036;Morgan
Morgan;230366;;Morgan W 310 SCE - BK;;Gitar;;25 %;;4995;80;3996;999;3996;Morgan
Morgan;230367;;Morgan W 310 SCE - DVB;;Gitar;;25 %;;4995;80;3996;999;3996;Morgan
Morgan;230365;;Morgan W 310 SCE - N;;Gitar;;25 %;;4995;80;3996;999;3996;Morgan
Morgan;230357;;Morgan W 310 SCE - N Aged;;Gitar;;25 %;;4995;80;3996;999;3996;Morgan
Morgan;230359;;Morgan W 310 SE OM - N;;Gitar;;25 %;;4995;80;3996;999;3996;Morgan
Morgan;230353;;Morgan W 310 SE OM/Folk - N;;Gitar;;25 %;;4995;80;3996;999;3996;Morgan
Morgan;230383;;Morgan W 310 SE MJ - DVB;;Gitar;;25 %;;5995;80;4796;1199;4796;Morgan
Morgan;230354;;Morgan W 310 SE MJ - N;;Gitar;;25 %;;5995;80;4796;1199;4796;Morgan
Morgan;230382;;Morgan W 310 SCE GA w/Armrest - N;;Gitar;;25 %;;7495;80;5996;1499;5996;Morgan
Morgan;230399;;Morgan W 310 SE Baritone - VSB;;Gitar;;25 %;;6495;80;5196;1299;5196;Morgan
Morgan;230363;;Morgan W 310 SE Baritone - N;;Gitar;;25 %;;6495;80;5196;1299;5196;Morgan
Morgan;84374;;Morgan W 310 SCE 8STR - N;;Gitar;;25 %;;4995;80;3996;999;3996;Morgan
;83330;;LTD ST-213 FR M - BK;;Gitar;;25 %;;5490;#REF!;4392;1098;#REF!;ESP
Morgan;83331;;LTD ST-213 M - CAR;;Gitar;;25 %;;4890;#REF!;3912;978;#REF!;ESP
Morgan;83332;;LTD ST-213 M - OW;;Gitar;;25 %;;4890;#REF!;3912;978;#REF!;ESP
Morgan;83333;;LTD ST-213 R - 3TS;;Gitar;;25 %;;4890;#REF!;3912;978;#REF!;ESP
Morgan;83334;;LTD TE-212 M - BK;;Gitar;;25 %;;4890;#REF!;3912;978;#REF!;ESP
Morgan;83301;;LTD F-50 - BK;;Gitar;;25 %;;4495;#REF!;3596;899;#REF!;ESP
Morgan;83300;;LTD EX-50 - BK;;Gitar;;25 %;;4495;#REF!;3596;899;#REF!;ESP
Morgan;83302;;LTD EC-331 - SW;;Gitar;;25 %;;6495;#REF!;5196;1299;#REF!;ESP
Morgan;83303;;LTD EC-331 - BKS;;Gitar;;25 %;;6495;#REF!;5196;1299;#REF!;ESP
Morgan;83329;;LTD EC-256 - MGO;;Gitar;;25 %;;5995;#REF!;4796;1199;#REF!;ESP
Morgan;83328;;LTD EC-256 - BK;;Gitar;;25 %;;5995;#REF!;4796;1199;#REF!;ESP
Morgan;83380;;LTD EC-200 - TSB;;Gitar;;25 %;;5995;#REF!;4796;1199;#REF!;ESP
Morgan;83426;;LTD EC-200 - BKS;;Gitar;;25 %;;5995;#REF!;4796;1199;#REF!;ESP
Morgan;83323;;LTD EX-104 - BK;;Bass;;25 %;;4890;#REF!;3912;978;#REF!;ESP
Morgan;83316;;LTD F-104 - BK;;Bass;;25 %;;4890;80;3912;978;3912;ESP
Morgan;83335;;LTD J-204 - 3TB;;Bass;;25 %;;4995;80;3996;999;3996;ESP
Polysonic;140492;;Casio PX-160 BK - Digitalpiano;;Tangenter;;25 %;3375;5995;23,7030859;4796;1199;1421;Casio
Polysonic;140089;;Casio CS-67 BK - Stativ til PX-130/135/150/330/350;;Tangenter;;25 %;557;995;24,0201005;796;199;239;Casio
Polysonic;140100;;Casio SP-33 BK - Pedalsett til PX-150/350;;Tangenter;;25 %;389;695;24,02877698;556;139;167;Casio
Polysonic;140079;;Casio CDP-130 BK - Digitalpiano;;Tangenter;;25 %;2397;3995;20;3196;799;799;Casio
Polysonic;140085;;Casio CS-44 BK - Stativ til CDP-130/230R;;Tangenter;;25 %;335;600;24,16666667;480;120;145;Casio
Polysonic;140465;;Casio PX-5S - Stagepiano;;Tangenter;;25 %;5317;9495;24,00210637;7596;1899;2279;Casio
Polysonic;140113;;Casio CTK-1200 - Keyboard;;Tangenter;;25 %;700;1250;24;1000;250;300;Casio
Polysonic;140121;;Casio CTK-3200 - Keyboard;;Tangenter;;25 %;1061;1895;24,01055409;1516;379;455;Casio
Polysonic;140123;;Casio CTK-4400 - Keyboard;;Tangenter;;25 %;1453;2495;21,76352705;1996;499;543;Casio
Polysonic;140127;;Casio CTK-6250 - Keyboard;;Tangenter;;25 %;1957;3495;24,00572246;2796;699;839;Casio
Polysonic;140200;;Casio MZ-X300 - Arrange Keyboard;;Tangenter;;25 %;4477;7995;24,00250156;6396;1599;1919;Casio
Polysonic;140210;;Casio MZ-X500 - Arrange Keyboard;;Tangenter;;25 %;5597;9995;24,002001;7996;1999;2399;Casio
Polysonic;140252;;Casio XW-G1 - Synth;;Tangenter;;25 %;3077;5495;24,00363967;4396;1099;1319;Casio
;;;;;Tangenter;;25 %;;;;;;;
;;;;;;;25 %;;;;;;;
